/*
MySQL Data Transfer
Source Host: localhost
Source Database: shortrent
Target Host: localhost
Target Database: shortrent
Date: 2014-1-17 ÉÏÎç 10:01:15
*/

SET FOREIGN_KEY_CHECKS=0;
-- ----------------------------
-- Table structure for house_extrainfo
-- ----------------------------
DROP TABLE IF EXISTS `house_extrainfo`;
CREATE TABLE `house_extrainfo` (
  `House_ID` int(11) NOT NULL auto_increment,
  `Facilities` varchar(255) NOT NULL,
  `Bed_Num` int(11) NOT NULL,
  `Toilet_Num` int(11) NOT NULL,
  `Room_Describe` varchar(255) NOT NULL,
  PRIMARY KEY  (`House_ID`)
) ENGINE=InnoDB DEFAULT CHARSET=utf8;

-- ----------------------------
-- Table structure for house_info
-- ----------------------------
DROP TABLE IF EXISTS `house_info`;
CREATE TABLE `house_info` (
  `House_ID` int(11) NOT NULL auto_increment,
  `House_Address` varchar(255) NOT NULL,
  `House_Picture` varchar(255) NOT NULL,
  `Live_Num` int(11) NOT NULL,
  `House_Price` int(11) NOT NULL,
  `House_Intro` varchar(255) NOT NULL,
  `Check_in_Time` varchar(255) NOT NULL,
  `Check_out_Time` varchar(255) NOT NULL,
  `House_Type` varchar(255) NOT NULL,
  `Rent_Type` varchar(255) NOT NULL,
  `House_Area` int(11) NOT NULL,
  `Bedroom_Num` int(11) NOT NULL,
  PRIMARY KEY  (`House_ID`)
) ENGINE=InnoDB DEFAULT CHARSET=utf8;

-- ----------------------------
-- Table structure for user_info
-- ----------------------------
DROP TABLE IF EXISTS `user_info`;
CREATE TABLE `user_info` (
  `User_ID` int(11) NOT NULL auto_increment,
  `User_Phone` varchar(255) default NULL,
  `User_TName` varchar(255) default NULL,
  `User_Address` varchar(255) default NULL,
  `Sex` varchar(255) default NULL,
  PRIMARY KEY  (`User_ID`)
) ENGINE=InnoDB DEFAULT CHARSET=utf8;

-- ----------------------------
-- Table structure for user_register
-- ----------------------------
DROP TABLE IF EXISTS `user_register`;
CREATE TABLE `user_register` (
  `User_ID` int(11) NOT NULL auto_increment,
  `User_RegName` varchar(255) default NULL,
  `Password` varchar(255) default NULL,
  `Email` varchar(255) default NULL,
  PRIMARY KEY  (`User_ID`)
) ENGINE=InnoDB DEFAULT CHARSET=utf8;

-- ----------------------------
-- Table structure for userconnhouse
-- ----------------------------
DROP TABLE IF EXISTS `userconnhouse`;
CREATE TABLE `userconnhouse` (
  `House_ID` int(11) NOT NULL auto_increment,
  `User_ID` int(11) NOT NULL,
  PRIMARY KEY  (`House_ID`)
) ENGINE=InnoDB DEFAULT CHARSET=utf8;

-- ----------------------------
-- Records 
-- ----------------------------
INSERT INTO `house_extrainfo` VALUES ('1', 'tv=1####computer=1####', '12', '12', 'è¾“å…¥æˆ¿é—´çš„è¯¦ç»†æè¿°ä¿¡æ¯.æœ‰çƒ­æ°´å™¨ï¼Œç©ºè°ƒwifi');
INSERT INTO `house_extrainfo` VALUES ('2', 'tv=1#air=1##wash=1##kitchen=1#bath=1##', '2', '2', 'é€‚åˆä¸€ä¸ªäººå±…ä½ï¼Œä¼˜é›…çš„ç¯å¢ƒå’Œé€‚å®œçš„æˆ¿é—´ï¼');
INSERT INTO `house_extrainfo` VALUES ('3', 'tv=1####computer=1##bath=1##', '1', '1', 'ä½äºæ±‰å£åŒºï¼Œå‘¨è¾¹ç¯å¢ƒèˆ’é€‚ï¼Œäº¤é€šæ–¹ä¾¿');
INSERT INTO `house_extrainfo` VALUES ('4', 'tv=1#air=1#ice=1#wash=1###bath=1#warm=1#', '2', '1', 'å¤„äºå…‰è°·å‘¨è¾¹ï¼Œäº¤é€šä¾¿åˆ©ã€‚æˆ¿é—´è®¾å¤‡é½å…¨ï¼Œé€‚å®œå±…ä½');
INSERT INTO `house_extrainfo` VALUES ('5', '#air=1#ice=1#wash=1##kitchen=1#bath=1##', '5', '2', 'å¤„äºå¸‚åŒºå½“ä¸­ï¼Œäº¤é€šä¾¿åˆ©ï¼Œä½†æ˜¯ç¯å¢ƒæ¸…å¹½ï¼Œå®‰é™ï¼Œæ¡ä»¶èˆ’é€‚ï¼Œä¿è¯é€‚åˆå±…ä½');
INSERT INTO `house_extrainfo` VALUES ('6', 'tv=1#air=1#ice=1##computer=1####', '2', '1', 'æˆ¿é—´é˜³å…‰å¾ˆå¥½ï¼Œæœ‰é˜³å°ï¼Œä»é˜³å°çœ‹é£æ™¯å¾ˆç¾ã€‚å¤„äºå¸‚åŒºï¼Œå„ç§æ–¹ä¾¿ã€‚');
INSERT INTO `house_extrainfo` VALUES ('7', 'tv=1#air=1##wash=1#computer=1##bath=1##', '2', '1', 'è“è‰²æ ¼è°ƒï¼Œæ¸…æ–°èˆ’é€‚ã€‚å¤„äºå®‰é™åœ°æ®µï¼Œä½†äº¤é€šä¾¿åˆ©ï¼Œç”Ÿæ´»ä¾¿æ·ã€‚ä¸”å¤„äºå¤§å­¦åŸå‘¨è¾¹ï¼Œæ°›å›´å¥½ã€‚');
INSERT INTO `house_extrainfo` VALUES ('8', 'tv=1#air=1#ice=1###kitchen=1###', '6', '3', 'åºŠå¤§ï¼Œèˆ’æœï¼Œæ˜äº®ï¼Œå®½æ•');
INSERT INTO `house_extrainfo` VALUES ('9', 'tv=1#air=1###computer=1#kitchen=1###', '4', '4', 'å‘åŠ çƒ­io');
INSERT INTO `house_info` VALUES ('1', 'æ¹–åŒ—çœæ­¦æ±‰å¸‚åä¸­ç§‘æŠ€å¤§å­¦', 'http://www.sheepvillage.com/upfiles/rooms/1021.jpg', '3', '1500', 'å¥—é—´ä¸‰é—´æˆ¿æµ·è¾¹', '2013-1-17', '2013-1-18', '0', '0', '120', '3');
INSERT INTO `house_info` VALUES ('2', 'æ¹–åŒ—çœæ­¦æ±‰å¸‚æ­¦æ˜ŒåŒºæ–°ç”Ÿè·¯8å·12æ ‹', 'http://www.anjiala.com/d/file/hometextile/daren/2011-02-23/ecf0df4120d84eb98d5cc3925f26e409.jpg', '2', '3000', 'ç²‰è‰²å°å±‹', '2013-1-17', '2013-1-18', '2', '2', '100', '2');
INSERT INTO `house_info` VALUES ('3', 'æ¹–åŒ—çœæ­¦æ±‰å¸‚ç¡šå£åŒºæ±‰è¥¿ä¸‰è·¯å¸¸é’èŠ±å›­12æ ‹6æ¥¼', 'http://pic6.nipic.com/20100420/3595098_143447848766_2.jpg', '1', '200', 'é€‚åˆå•äººï¼Œç¯å¢ƒä¼˜ç¾èˆ’é€‚', '2013-1-17', '2013-1-18', '0', '0', '30', '1');
INSERT INTO `house_info` VALUES ('4', 'æ¹–åŒ—çœæ­¦æ±‰å¸‚æ´ªå±±åŒºå…³å±±å¤§é“369-é™„25å‰‘æ¡¥å°åŒº13æ ‹3æ¥¼', 'http://shuitou.indigoculture.com/wp-content/uploads/2011/12/shuitounomalroom-0061.jpg', '2', '200', 'æˆ¿å±‹è®¾å¤‡é½å…¨ï¼Œé€‚åˆæƒ…ä¾£å±…ä½', '2013-1-17', '2013-1-20', '1', '0', '40', '1');
INSERT INTO `house_info` VALUES ('5', 'æ¹–åŒ—çœæ­¦æ±‰å¸‚æ­¦æ˜ŒåŒºä¸œæ¹–è·¯168å·é˜³å…‰èŠ±å›­å°åŒº3æ ‹5æ¥¼', 'http://www.homesy.com.cn/files/chanpin/200904/200942112120637652.jpg', '3', '800', 'å®‰é™èˆ’é€‚ï¼Œé€‚å®œå±…ä½', '2013-1-17', '2013-1-19', '1', '1', '100', '3');
INSERT INTO `house_info` VALUES ('6', 'æ¹–åŒ—çœæ­¦æ±‰å¸‚æ­¦æ˜ŒåŒºé¦–ä¹‰è·¯é‡‘è‰²æ²™æ»©å°åŒº7æ ‹3æ¥¼', 'http://pica.nipic.com/2007-12-26/200712269513783_2.jpg', '2', '300', 'æˆ¿é—´å‘é˜³ï¼Œå…‰çº¿å¥½', '2013-1-17', '2013-1-20', '0', '0', '50', '1');
INSERT INTO `house_info` VALUES ('7', 'æ¹–åŒ—çœæ­¦æ±‰å¸‚æ­¦æ˜ŒåŒºæ²™æ¹–è·¯ç»¿å…‰æ£®æ—å°åŒº3åŒº12æ ‹5æ¥¼', 'http://www.cnfina.com/uploadfile/2011/0426/20110426125804436.jpg', '1', '500', 'è“è‰²æ ¼è°ƒçš„æˆ¿é—´ï¼Œå®‰é™èˆ’é€‚', '2013-1-17', '2013-1-21', '2', '0', '30', '1');
INSERT INTO `house_info` VALUES ('8', 'æ¹–åŒ—çœæ­¦æ±‰å¸‚ç¡šå£åŒºæ±‰ä¸­è·¯144æ±‰æ­£å°åŒº3å•å…ƒ2æ ‹4æ¥¼', 'http://pic.to8to.com/case/1212/03/20121203_80866418b85f4c8631095dhspHYH5NPP.jpg', '3', '200', 'æ¸…æ–°æ˜äº®çš„è®¾è®¡ï¼Œç©ºé—´å¤§ï¼Œé€‚åˆå…¨å®¶å±…ä½', '2013-1-07', '2013-1-15', '2', '1', '250', '3');
INSERT INTO `house_info` VALUES ('9', 'æ¹–åŒ—çœæ­¦æ±‰å¸‚æ±‰é˜³åŒºç´å°å¤§é“é‡‘è›‡', 'http://pic.to8to.com/case/1212/03/20121203_80866418b85f4c8631095dhspHYH5NPP.jpg', '4', '200', 'æ˜äº®å®½æ•', '2013-1-17', '2013-1-18', '1', '1', '200', '4');
INSERT INTO `user_info` VALUES ('2', '15623838117', 'é»„å‡¯', 'åä¸­ç§‘æŠ€å¤§å­¦éŸµè‹‘16æ ‹', 'ç”·');
INSERT INTO `user_info` VALUES ('3', '13026197638', 'é»„å¨', 'åä¸­ç§‘æŠ€å¤§å­¦éŸµè‹‘11æ ‹', 'ç”·');
INSERT INTO `user_info` VALUES ('4', '13387503119', 'é»„æ°', 'åä¸­ç§‘æŠ€å¤§å­¦éŸµè‹‘16æ ‹', 'ç”·');
INSERT INTO `user_info` VALUES ('5', '13512345678', 'å§œæ˜Šè‰¯', 'åä¸­ç§‘æŠ€å¤§å­¦éŸµè‹‘16æ ‹', 'ç”·');
INSERT INTO `user_info` VALUES ('6', '13324567891', 'ç‹ä¸€æ¡', 'åä¸­ç§‘æŠ€å¤§å­¦éŸµè‹‘16æ ‹420', 'ç”·');
INSERT INTO `user_register` VALUES ('2', 'yinshi', '123456', '781446944@qq.com');
INSERT INTO `user_register` VALUES ('3', 'huangwei', '123456', 'huangwei@gmail.com');
INSERT INTO `user_register` VALUES ('4', 'huangjie', '123456', 'huangjie@163.com');
INSERT INTO `user_register` VALUES ('5', 'jianghaoliang', '123456', 'jianghaoliang@126.com');
INSERT INTO `user_register` VALUES ('6', 'wangyitong', '123456', 'wangyitong');
INSERT INTO `userconnhouse` VALUES ('1', '1');
INSERT INTO `userconnhouse` VALUES ('2', '1');
INSERT INTO `userconnhouse` VALUES ('3', '1');
INSERT INTO `userconnhouse` VALUES ('4', '1');
INSERT INTO `userconnhouse` VALUES ('5', '1');
INSERT INTO `userconnhouse` VALUES ('6', '1');
INSERT INTO `userconnhouse` VALUES ('7', '1');
INSERT INTO `userconnhouse` VALUES ('8', '1');
INSERT INTO `userconnhouse` VALUES ('9', '1');
